{"cameraMode":{"drawMode":0,"name":"Shaded","section":"Shading Mode"},"sceneLighting":true,"audioPlay":false,"sceneViewState":{"showFog":true,"showMaterialUpdate":true,"showSkybox":true,"showFlares":true,"showImageEffects":true,"showParticleSystems":true},"in2DMode":false,"pivot":{"x":-1.0889993906021119,"y":9.524699211120606,"z":-1.275370717048645},"rotation":{"x":-0.37492644786834719,"y":-0.0005409374716691673,"z":0.00023213987878989428,"w":-0.9270756244659424},"size":8.35648250579834,"orthographic":false}